{"train/train_loss": 1.3570271730422974, "train/epoch": 1.734375, "train/example_ct": 3525, "_timestamp": 1716562819.8311186, "_runtime": 3149.494647502899, "_step": 110, "val/val_loss": 1.546363353729248, "val/val_accuracy": 0.5079365079365079}