{"train/train_loss": 1.594717264175415, "train/epoch": 0.984375, "train/example_ct": 2016, "_timestamp": 1716561724.6599364, "_runtime": 2054.32346534729, "_step": 62}