{"train/train_loss": 1.5045404434204102, "train/epoch": 0.905511811023622, "train/example_ct": 3680, "_timestamp": 1716561789.2983978, "_runtime": 2980.117010831833, "_step": 114}