{"train/train_loss": 1.4421913623809814, "train/epoch": 1.2283464566929134, "train/example_ct": 4971, "_timestamp": 1716563090.2168994, "_runtime": 4281.035512447357, "_step": 155, "val/val_loss": 1.3647711277008057, "val/val_accuracy": 0.7049504950495049}