{"train/train_loss": 1.221968173980713, "train/epoch": 1.3858267716535433, "train/example_ct": 5611, "_timestamp": 1716563561.8640869, "_runtime": 4752.682699918747, "_step": 175, "val/val_loss": 1.3647711277008057, "val/val_accuracy": 0.7049504950495049}